name,email
123 REALTY,email should go here
24/7 REAL ESTATE,email should go here
24/7 REALTY,email should go here
289 Realty,email should go here
4 Realty Group,email should go here
A & M Realty,email should go here
A Biaggi Realty,email should go here
A CLASS REALTY,email should go here
A La Mar Realty Group,email should go here
A&A ADVANCE REAL ESTATE,email should go here
A. Sanchez & Assoc.,email should go here
A. Santos Realty,email should go here
A.I.M. Real Estate Inc.,email should go here
A.S.R. Realty,email should go here
AA Real Estate ,email should go here
Abita Realty Group,email should go here
Abraham García,email should go here
Abreu Realty,email should go here
ACEVEDO PROPERTIES,email should go here
ACQ Listing,email should go here
Acres Real Estate Group,email should go here
Acronix Realty Group,email should go here
ADIS REALTY,email should go here
Adrian Méndez Realty,email should go here
Advance Real Estate Solutions ,email should go here
AEM & Assoc.,email should go here
AFD REAL ESTATE SERVICES,email should go here
AG QUALITY PROPERTIES ,email should go here
AGC Realty Group,email should go here
AgenteDisponible.com,email should go here
AGR Real Estate,email should go here
Agudo Properties,email should go here
aguilas home real estate,email should go here
Aguilú Properties,email should go here
AIDA L. COLON-UNIQUE PROPERTIES REALTY,email should go here
Aily Ponce,email should go here
AIM Real Estate & Investment,email should go here
AJ ENTERPRISES,email should go here
AJ Realty Consultants,email should go here
AK Property Partners,email should go here
AKBAR REALTY GROUP,email should go here
Akuasis Real Estate,email should go here
Alarcón Real Estate Pro,email should go here
Alberto Hernández Real Estate,email should go here
Alberto Rollins Toledo,email should go here
ALCON INVESTMENT GROUP,email should go here
Aleida Figueroa Lic. C-17419,email should go here
ALEJANDRO INVESTMENTS,email should go here
ALex6  ReaL  Estate,email should go here
ALFA REALTY, LLC,email should go here
ALGARIN REALTY,email should go here
ALICEA REALTY GROUP,email should go here
All Property,email should go here
ALL REALTY GROUP,email should go here
all realty services,email should go here
Alliance Corporation,email should go here
ALONSO REALTY,email should go here
ALONSO-MULET REAL ESTATE,email should go here
Alpha Omega Realty,email should go here
Alquier de Inmobilarias ,email should go here
ALS Realty,email should go here
AM  REAL ESTATES SERVICE,email should go here
AM REALTY,email should go here
Amahira López Real Estate,email should go here
AMAL REALTY PR,email should go here
Amarilys Nieves Realty,email should go here
Amayra Castro Dieppa,email should go here
AMBERT REALTY,email should go here
AMC Real Estate,email should go here
AMC Realty,email should go here
American Realty ,email should go here
American Realty Group,email should go here
AMG PROPERTIES,email should go here
AMGI,email should go here
AMH Realty,email should go here
A-Mundo Realty,email should go here
ANA DUMAR FINE PROPERTIES,email should go here
Ana I. Mendez Real Estate,email should go here
ANA M. SALVÁ REAL ESTATE,email should go here
Ana Rios R.E.B. ,email should go here
Ana Rodriguez Smith,email should go here
Anacelys Ruiz Real Estate,email should go here
Anaid Real Estate,email should go here
Anet Tañon Real State,email should go here
ANFE ADORNO,email should go here
ANGELS PROPERTIES,email should go here
Angelus Real Estate,email should go here
ANGIE DE JESUS,email should go here
Angie Font Real Estate,email should go here
Angie Santana Real Estate,email should go here
Ani Fernandez Real Estate,email should go here
ANITA MARTINEZ REALTY,email should go here
Annette Cuevas Realty,email should go here
ANNETTE OLIVIERI-HOME SEARCH PR,email should go here
Annie Santiago Realty,email should go here
Antonio Flores Real Estate,email should go here
Apartamentos Santa Maria,email should go here
Apartments Tiara,email should go here
API Bienes Raices y Asoc.,email should go here
Apolo Realty,email should go here
Aquí Investment,email should go here
AR Realty,email should go here
AREA Realty,email should go here
Arlene Caamaño Realty,email should go here
ARN REALTY,email should go here
Arrieta Realty Group,email should go here
Arroyo Sheila Real Estate,email should go here
ARRUFAT & ASSOCIATES,email should go here
AS PROPERTIES,email should go here
ASG Investment,email should go here
ASHA REALTY,email should go here
ASR Real Estate,email should go here
Atlantic Properties LLC,email should go here
Atlantic Properties Realty,email should go here
ATM Realty,email should go here
AULI Real Estate,email should go here
Auri Coira Realty ,email should go here
AV Realty,email should go here
AWEC Realty,email should go here
B G  Realty,email should go here
B L Investments,email should go here
B&C Properties Real Estate,email should go here
B. O. Realty,email should go here
B.My Real Estate,email should go here
Báez & Assoc. Real Estate,email should go here
Baez Real Estate,email should go here
Baez Realty, PSC,email should go here
Bahia del Sol Realty,email should go here
Baigés Real Estate,email should go here
Banco Popular de PR,email should go here
Bartolo Perez Roman,email should go here
Batista Realty Group,email should go here
Bauhaus Urban Investments,email should go here
BEALE REAL ESTATE ,email should go here
BELKYS REALTY,email should go here
BELMAR REALTY,email should go here
Bengie Rodríguez & Asoc,email should go here
BERMUDEZ & ASSOC. REAL ESTATE,email should go here
Berquiz Realty,email should go here
Best Choice Properties,email should go here
Best Investment Realty,email should go here
Best Properties Realty Group,email should go here
BETTER CHOICE REALTY INC.,email should go here
BETTER WAY Real Estate,email should go here
BHC PROPERTIES,email should go here
BHM Realty & Investment Corp.,email should go here
Bianca Realty Group,email should go here
Bienes Raices,email should go here
Bienes Raíces Colón,email should go here
Bienes Raices Consultoria,email should go here
BIENES RAICES DEL VALLE,email should go here
BIENES RAICES RUBEN ROSA,email should go here
BLACKTIE,email should go here
Blanca Aquino Bienes Raíces,email should go here
BLANCA B. GANDIA REALTY  mr,email should go here
Blanca Rivera y Asociados,email should go here
Blas Realty Group,email should go here
BLESS HOME REALTY,email should go here
Blessing Realty,email should go here
Blue Horizon Realty Group,email should go here
Blue House Real Estate,email should go here
BLUE PRINT FIRM INC. ,email should go here
Blue Water Real Estate Group,email should go here
BMB Realty,email should go here
Bolívar Rivera Realty,email should go here
Bonnin Realty,email should go here
Borges Bienes Raices,email should go here
Boriken del Caribe,email should go here
BORINQUEN PROPERTIES ,email should go here
Borinquen Realty & Asociados,email should go here
Bori's Properties,email should go here
Bouret Real Estate,email should go here
BP Realty,email should go here
BRADLEY REALTY,email should go here
Brothers Realty,email should go here
Brown Realty,email should go here
brr investment corp,email should go here
Brunny's Realty Associates,email should go here
Buenas Nuevas Real State,email should go here
BuynowRealty,email should go here
BUY-REPAIR-WIN,email should go here
C & C Real Estate Group,email should go here
C.A.R.E.S.,email should go here
Caballer Realty Group,email should go here
CABRERA'S PROPERTIES,email should go here
Calo Real Estate,email should go here
Camelot Real Estate,email should go here
Camille Hernández Pino ,email should go here
Campeón Realty Group,email should go here
Caparra Real Estate Broker Inc,email should go here
Caribbean Brokerage Services ,email should go here
Caribbean Commercial Property,email should go here
Caribbean Propertie Investment,email should go here
CARIBBEAN REAL ESTATE BROKERS,email should go here
CARIBBEAN REALTY E.I.C.P.S.,email should go here
Caribe Real Estate,email should go here
CARLOS FUENTES BIENES RAÍCES,email should go here
carlos javier hernandez,email should go here
Carlos Montalvo Real Estate,email should go here
Carlos Negrón,email should go here
CARMEN DE JESUS REAL ESTATE,email should go here
CARMEN DIEZ,email should go here
Carmen Gloria,email should go here
Carmen Ramery Realty,email should go here
CARMEN RODRIGUEZ REALTY,email should go here
Carmen Sierra Realty Group,CSP,email should go here
CARRERAS REAL ESTATE BROKERS,email should go here
Casa Dorada Real Estate,email should go here
CASA FARAH,email should go here
Casa Real Estate PR,email should go here
Casalini Realty,email should go here
CASH NOW,email should go here
CASIANO PROPERTIES,email should go here
Casillas Realty Group,email should go here
CASTRO REAL ESTATE,email should go here
CC Realty,email should go here
CDL Realty,email should go here
Ceci Realty,email should go here
Ceiba del Mar Real Estate,email should go here
Celia Realty,email should go here
CEN REALTY CORPORATION,email should go here
Center Real Estate,email should go here
Center Reposeidas ,email should go here
Centro Casas Real Estate,email should go here
CENTRO CASAS SUBASTAS,email should go here
Century 21 Julio A Irizarry ,email should go here
Cerromonte Realty Services ,email should go here
Certified Real Estate,email should go here
CertifiedRealEstate Reposeidas,email should go here
Check and Buy Properties,email should go here
CHR Real Estate Services,email should go here
Chris Colon,email should go here
Christiansen Commercial,email should go here
Christopher Ortiz,email should go here
CHUSAN PROPERTIES REAL ESTATE,email should go here
CI REALTY GROUP PR ,email should go here
Claire's Realty,email should go here
Clarielys Zapata Real Estate,email should go here
Claudia Arb,email should go here
CLAUDIO REALTY GROUP, INC.,email should go here
CLM Real Estate,email should go here
CLR Real Estate, Inc.,email should go here
Clubhouse Real Estate,email should go here
CM Realty Group,email should go here
CM Rodríguez Realty,email should go here
Cobiera, C.S.P.,email should go here
Coca Quiroga Realty,email should go here
Cocó Millares Realty,email should go here
COLLAZO REALTOR # LIC. 14551,email should go here
Colon & Sterzer Real Estate,email should go here
COMERCIAL RENT MANAGMENT,email should go here
COMMITMENT REALTY,email should go here
COMPRA Y VENDE CASAS,email should go here
CONCHITA REALTY,email should go here
Conquest Real Estate,email should go here
CONSTELLATIONS REALTY,email should go here
Continental Realty Solutions,email should go here
Coqui 2000 Real Estate,email should go here
CORAMA Realty,email should go here
Cordero Realty Group,email should go here
CORREA REALTY,email should go here
Costa del Caribe Realty,email should go here
COSTA DEL SOL REALTY GROUP,email should go here
COSTA NORTE REALTY,email should go here
Cotto REALTY DESIGN,email should go here
CPM REALTY,email should go here
Creative Developments,email should go here
Creative Real Estate Services,email should go here
CROWN REALTY,email should go here
CT Alvarado Real Estate,email should go here
Cuevas Natal Real Estate,email should go here
CUSTOM REAL ESTATE BROKERS,email should go here
Cuto Colón Real Estate,email should go here
CYBER PROPERTY MARKET,email should go here
D. R REALTY,email should go here
D’KASA REALTY,email should go here
Daily Homes,email should go here
Dakota Asset Services,email should go here
Damaris Rivera realty,email should go here
DAMONTI VENTAS PROPIEDADES,email should go here
DANTON PROPERTIES PR,email should go here
D'Aponte Realty Group,email should go here
David Diaz Realty,email should go here
DAVID FIGUEROA REAL ESTATE,email should go here
De Jesus Bienes Raices,email should go here
De Jesús Realty & Services,email should go here
Deida Realty,email should go here
DEL HOME Real Estate,email should go here
Del Mar Realty,email should go here
Del Palmar Realty,email should go here
Del Valle Real Estate,email should go here
Del Valle Realty,email should go here
DELTA REALTY RESIDENTIAL & COMMERCIAL BROKER INC,email should go here
deShow.com,email should go here
D'HOME REALTY,email should go here
DIAMOND REALTY INVEST,email should go here
Diana Caballero Realty,email should go here
Diaz Developments,email should go here
Díaz Realty,email should go here
Diaz Realty Group,email should go here
Didibelle muñiz barletta,email should go here
Direct Realty,email should go here
DIS HOME REALTY,email should go here
DIS HOME REPOSEIDAS,email should go here
Divino Realty,email should go here
DM Realty,email should go here
DNA REALTY,email should go here
DOMUS BIENES RAICES,email should go here
Don Francisco Realty,email should go here
DonRealty & Asociados,email should go here
Dorado Developers,email should go here
DORADO PR REAL ESTATE SERVICES,email should go here
Downtown Realty,email should go here
DREAM LIVING REAL ESTATE,email should go here
DreamHomes Realty,email should go here
Dual Realty,email should go here
Dueno,email should go here
E. F. & ASSOCIATES REAL ESTATE,email should go here
EA Investment,email should go here
EAGLE ONE REALTY,email should go here
Easy Homes Real Estate,email should go here
EBENEZER INVESTMENT & REAL ,email should go here
ECO Real  Estate,email should go here
ECO Real Estate / REPO,email should go here
ECS Realty Group,email should go here
EDA GONZALEZ REAL ESTATE,email should go here
Edgar A. Sola Real Estate,email should go here
Edgar Molinary,email should go here
Effective Investments,email should go here
Effective Realty,email should go here
Efrain E Soto Real Estate,email should go here
EJECUTADAS.com,email should go here
Elba M Fred y Asociados,email should go here
ELISA GERENA REAL ESTATE GROUP,email should go here
Elite Investment Brokers,email should go here
ELIZABETH MORALES,email should go here
Elliman Realty ,email should go here
Elvia Realty,email should go here
EMARIE REALTY,email should go here
EMI PROPERTIES,email should go here
Empire Realty Group,email should go here
Eneida Romany,email should go here
Engineering Services PSC,email should go here
ENTER Real Estate Network,email should go here
Entrust  M&R Realtors,email should go here
Environments Real Estate,email should go here
Equidad Bienes Raíces,email should go here
Equity Investments,email should go here
e-Realty,email should go here
Ernesto Yunes Bienes Raices,email should go here
ESDRAS REALTY,email should go here
ESHE Realty,email should go here
Espacios Realty Network,email should go here
Esquilín Realty Group,email should go here
Euroamerican C.M. Group Inc.,email should go here
Eva Lyz Realty,email should go here
EVA VIVES REAL ESTATE,email should go here
EVA'S PROPERTIES  &  DESIGN,email should go here
Excelty Real Estate,email should go here
Exclusive Real Estate,email should go here
Executive One Real Estate,email should go here
Executive Real Estate,email should go here
Extra Realty Inc.,email should go here
E-Z REAL ESTATE IN PR GIANA HENRIQEZ,email should go here
E-Z REALESTATE,email should go here
F Cotto Corredores de Bienes Raíces,email should go here
F G REALTY,email should go here
F L REALTY,email should go here
F. Lopez Real Estate,email should go here
F.A.N. REAL ESTATE,email should go here
Faith Realty,email should go here
Faith Realty - Reposeidas,email should go here
Falcon Properties,email should go here
Family Home Realty,email should go here
FB PROPERTY GROUP,email should go here
FDF LLC,email should go here
Febles Real Estate,email should go here
FEBRES REAL ESTATE,email should go here
FELIX MEJIA,email should go here
Fenid Realty,email should go here
Fenix Realty PSC.,email should go here
FHM Realty Group,email should go here
Figueroa Properties,email should go here
Fili Realty,email should go here
Finest Group Corp,email should go here
First Union Investments Corp,email should go here
FJ Real Estate ,email should go here
Flamar Properties,email should go here
Flash Realty Services,email should go here
Fletcher Realty,email should go here
Florida Realty PR,email should go here
FR Realty,email should go here
Franqui Real Estate,email should go here
FS Investments,email should go here
FSM INVESTMENT CORP.,email should go here
Full Service Realty,email should go here
FullHouse RE,email should go here
G & M  REALTY GROUP,email should go here
G ROSADO Y ASOCIADOS REALTY,email should go here
G.A.P. Real Estate & Services,email should go here
GA- Auction & Realty ,email should go here
Gabriel Gonzalez,email should go here
Gabriel Gonzalez Real Estate,email should go here
Gabriel Mendez Sepulveda,email should go here
Gabriel Rivera,email should go here
Gabriela Apartsments, Inc.,email should go here
GAC Real Estate,email should go here
Gallery Home Real Estate,email should go here
GDM REAL ESTATE,email should go here
GDM Realty,email should go here
Genesis Real Estate,email should go here
GEURY REALTY,email should go here
Gigi Gonzalez,email should go here
Giofran Investment Corp. ,email should go here
GIOVANNI TORRES-BIENES RAICES,email should go here
GIRAUD REAL ESTATE,email should go here
Gisela y Marisela Gonzalez,email should go here
GL Realty,email should go here
Glenda Real Estate,email should go here
GLOBAL PREMER REAL ESTATE,email should go here
GLOBAL PROPERTIES SOLUTION,email should go here
Globe Real Estate, Inc.,email should go here
Gloria Prado, Realtor,email should go here
GO HOME PROPERTIES,email should go here
Go Port Realty,email should go here
GOBUSINESSPR,email should go here
GOLDEN GATE REALTY,email should go here
GOLDEN KEY PROPERTIES PR,email should go here
Golden Key Realty,email should go here
González Quintana Realty,email should go here
Gonzalez Realty PR,email should go here
GOOD HOMES REALTY,email should go here
Grand Homes Norte,email should go here
Grand Homes Ofic Carolina,email should go here
GRAND HOMES Ofic Ponce,email should go here
GRAND HOMES SAN JUAN,email should go here
Green Island Realty,email should go here
Green Partners Realty,email should go here
GREEN REALTY SOLUTIONS,email should go here
Greysa Realty,email should go here
GRO Real Estate,email should go here
Grupo Eyni Inc.,email should go here
GS Realty Group,email should go here
GUAYNABO LAND & HOME REALTY,email should go here
Guillermo Cardona,email should go here
GVC REAL ESTATE,email should go here
HABITARE Real Estate, Inc.,email should go here
Habitat Investment Group,email should go here
Habitat Real Estate of PR,email should go here
Habitat Realty,email should go here
Happy House Real Estate,email should go here
HARRY VINCENT APARTMENTS,email should go here
HBC CORP PR,email should go here
HC Real Estate Héctor Colón,email should go here
Hecoproperties,email should go here
Héctor E. Camacho Ortiz,email should go here
HED Properties,email should go here
HEYLIGER REAL ESTATE,email should go here
HI REALTY GROUP,email should go here
Hilcco Property Management,email should go here
hma realty,email should go here
HMP Properties,email should go here
HOGAR A TU MANERA,email should go here
HOGAR.com,email should go here
Home Mart,email should go here
Home Owners Realty,email should go here
Home Portfolio,email should go here
home real estates,email should go here
HomeLand Realty,email should go here
HOMES BROKERS,email should go here
Homes for Less Group,email should go here
Homes Gallery Real Estate,email should go here
HOMES ONLINE,email should go here
Homes Unlimited Real Estate,email should go here
HomeSmart,email should go here
HOPE REALTY,email should go here
HOT REALTY,email should go here
House Spot Realty,email should go here
HQJ REAL ESTATES,email should go here
HSC Real Estate,email should go here
HUD Homes Puerto Rico,email should go here
Huelva Realty,email should go here
I.Oquendo Real Estate,email should go here
Iconic Realty Group, LLC,email should go here
Ideal Realty,email should go here
IDIC Realty Group,email should go here
Ignacio Pérez Arrabal,email should go here
IJM Bienes Raices,email should go here
Ilia Martínez & Asociados,email should go here
Immobiliare Real Estate,email should go here
Imperial Real Estate Broker,email should go here
Ingrid Realty,email should go here
Ingrid Segarra,email should go here
InHouse Realty,email should go here
INMOBAL Real Estate, PSC,email should go here
INMOBILIARIA CMF,email should go here
Inmobiliaria Naihomy,email should go here
Inmobiliaria Realty Inc.,email should go here
Inmuebles Bienes Raíces,email should go here
INVERSIONES GRUPO L,email should go here
Iris Gonzalez Realty,email should go here
Iris Melendez,email should go here
Irizarry García Realty,email should go here
Isaac Investment Group,email should go here
Ishelimarie Ayala,email should go here
Isla Bonita Realty,email should go here
Isla Realty,email should go here
ISLAND LIVING P.R.,email should go here
Island Realty Group,email should go here
Island West Properties,email should go here
ISLAND WIDE REALTY - reposeidas,email should go here
ISOLA REALTY GROUP,email should go here
Isola Realty Group,email should go here
Ivette Cabeza Realty,email should go here
IVETTE DELGADO REALTY,email should go here
Ivette Pasarell Real Estate,email should go here
Ivonne Quezada ,email should go here
Ivonne Vega,email should go here
J GARCIA REALTY,email should go here
J Morales Realty ,email should go here
J REALTY,email should go here
J&G Realty,email should go here
J. Marti Real Estate,email should go here
J. Negron Real Estate Group,email should go here
J. Van, S.C International,email should go here
J.A.H. Realty,email should go here
J.J. Cañellas Real Estate, Inc,email should go here
J+J&J REALTY,email should go here
JABES REALTY,email should go here
JAC Properties Group LLC,email should go here
Jacqueline DelToro,Real Estate,email should go here
Jafi Construction Inc,email should go here
JAGines Realty,email should go here
Janet Torres Fuentes ,email should go here
JAVIER BENITEZ REAL ESTATE,email should go here
Javier Ramirez Reo Realty,email should go here
JBL,email should go here
JC Trinidad Real Estate,email should go here
JCNOLLA REALTY,email should go here
jcpropiedades,email should go here
JD INVESTMENT,email should go here
JDR REALTY,email should go here
JEANNETTE SOTO REALTY,email should go here
JEG Real Estate,email should go here
JG Real Estate,email should go here
JIC Realty,email should go here
JJ ENTERPRISES CORP,email should go here
JJ Real Estate,email should go here
JK Investment,email should go here
JK Realty,email should go here
JM REAL ESTATE,email should go here
JMR,email should go here
JMV REAL ESTATE CONSULTANT,email should go here
JN Real Estate Center,email should go here
Joanna Realty,email should go here
Joes All Services,email should go here
Jomelco Realty,email should go here
Jonathan R. Pinero Real Estate,email should go here
JORGE MOCEGA POLO,email should go here
Jorge Torres Real Estate,email should go here
Jose A. Guzman Realty,email should go here
José Luis Delgado  Lic. 14955,email should go here
JOSE MARQUEZ D'ACUNTI,email should go here
JOSE MIGUEL SOTO REALTY ,email should go here
José Palacios Corredor,email should go here
JOSE SANTOS REAL ESTATE,email should go here
Joss Realty,email should go here
Jossie Rivera Rodríguez,email should go here
JOSUE MORALES OTERO,email should go here
JP REAL ESTATE,email should go here
JR Properties,email should go here
JR Realty,email should go here
JRL Advisors,email should go here
JTR Realty Group,email should go here
Juan C. Disla,email should go here
Juan G Realty,email should go here
Juan Then Realty,email should go here
Julio A. Rodriguez Realty,email should go here
JULIO J GARCIA,email should go here
JVL Real Estate,email should go here
Kareen Mangual,email should go here
KAREM REAL ESTATE,email should go here
Karla Franco - Real Estate,email should go here
Kasasbroker,email should go here
Keller Realty, Lic. 15626,email should go here
KL Real  Estate Brokers,email should go here
Knock Knock Realty,email should go here
KOBMUSICK,email should go here
Kokopelli Real Estate,email should go here
KonPropropiedad Bienes Raíces ,email should go here
kostazul Realty,email should go here
KPM Realty Advisors Inc.,email should go here
L PABON REALTY,email should go here
L.A. Real Estate,email should go here
L.Realty,email should go here
La Campiña Bienes Raíces,email should go here
La Capitana,email should go here
La Victoria Real Estate,email should go here
LAC Properties,email should go here
Lai Realty,email should go here
Land and Sea Property Brokers,email should go here
Landmark Real Estate LLC,email should go here
Laura's Realty ,email should go here
LAZET & NORD REALTY,email should go here
LEAD REAL ESTATE,email should go here
Lemuel E. Quiñones,email should go here
LENO REALTY,email should go here
Lenzano Realty Group,email should go here
Leonor Investment,email should go here
Lesbia Juarez Real Estate,email should go here
LF Real Estate,email should go here
LG,email should go here
LIBERTY DOLLAR REAL ESTATE,email should go here
Lily Pineda & Associates,email should go here
LINETTE MIRO REAL ESTATE,email should go here
Link Real Estate,email should go here
Lino Feliciano Real Estate,email should go here
Lions Real Estate Group,email should go here
Lions Real Estate Group Isla,email should go here
Lisanne Roig Hosta,email should go here
Live Realty,email should go here
Liz Rivera Real Estate,email should go here
Lluch Holding Real Estate,email should go here
LOCATIONprREALTY,email should go here
Lojo Real Estate,email should go here
Loli Martinez RealEstateBroker,email should go here
LOMARE REAL ESTATE,email should go here
LOPEZ DE VICTORIA & ASSOCIATES,email should go here
Lopez Real Estate,email should go here
Lopez Realty,email should go here
Lori Pratt Real Estate,email should go here
Lorraine Aguayo Realty,email should go here
Loubriel Better Homes,email should go here
Lourdes Alvarez Real Estate,email should go here
Loving Care Service,email should go here
Loyal  Realty Group,email should go here
LT Real Estate,email should go here
Lucy Rivera - Real Estate,email should go here
Luis ADhel Real Estate,email should go here
Luis Nieves Realty,email should go here
Luis Núñez Real Estate,email should go here
Luis R. Santini Gaudier,email should go here
LuisDanielyMariangelyUniversal,email should go here
LUXOR PREMIUM PROPERTIES,email should go here
LUXOR PREMIUM PROPERTIES REPO,email should go here
Luxury Collection Real Estate,email should go here
Luxury Estates PR,email should go here
Luxury KZ Realty International,email should go here
Luxury Properties PR,email should go here
Luxury Villa Rentals,email should go here
Luyando Realty Group ,email should go here
Luz A. López Realty,email should go here
LV Realty,email should go here
Lydia Garcia Flores Realty,email should go here
Lydia Ramírez,email should go here
Lydia Romero ,email should go here
LYNN RODGERS REALTY,email should go here
M CANCIO REAL ESTATE,email should go here
M&M Montalvo Realty,email should go here
M&M REAL ESTATE,email should go here
M. Rocha Realty,email should go here
M.F.R E,email should go here
MAC Bienes Raices,email should go here
Mac Chela Real Estate,email should go here
Magic Realtors,email should go here
Maisonet & Asociados,email should go here
MAkRO PROPERTIES,email should go here
Malavé Realty,email should go here
MALLELIN REALTY,email should go here
Mansion en Cambridge Park,email should go here
MANUEL M PEREZ REALTY & ASSOC.,email should go here
MAO & Associates Investment  ,email should go here
MAOS,email should go here
MAR REAL ESTATE GR OUP,email should go here
Mar Y Sol Bienes Raices,email should go here
MARANATHA REALTY ,email should go here
Marengo Realty,email should go here
Mares Mgmt. Realty Expert Solutions,email should go here
Mari Lugo- MAC Property Realty,email should go here
Mari Ramirez Realty,email should go here
MARIA CASAS REAL ESTATE, INC.,email should go here
Maria de Los A León Buitrago,email should go here
María de los Angeles Realty,email should go here
MARIA ELENA PEREZ PLANA REALTY,email should go here
María Lebrón,email should go here
Maria Miyares Real Estate,email should go here
MARIA PERAZA TOLEDO,email should go here
Mariángel Martí Realty,email should go here
Marianne Quiñones Real Estate Broker ,email should go here
Maricarmen jimenez-Sors,email should go here
Maridamís Real Estate,email should go here
Mariela Vázquez,email should go here
Marielí Hilera Real Estate,email should go here
Marilia Colon ,email should go here
Marina Real Estate,email should go here
Marion Iñigo Fas & Asociados ,email should go here
Marisel Realty,email should go here
Maritza Gonzalez,email should go here
MARITZA MARTINEZ Bienes Raices,email should go here
MARLYN MONTERO BIENES RAICES,email should go here
Marquesa Management,email should go here
Marta Noa,email should go here
MARTA RODRIGUEZ,email should go here
Martha Realty,email should go here
Martínez & Asociados Real Estate,email should go here
Martinez and Sons Realty,email should go here
Maru Alvarez Realty Services,email should go here
Massanet Realty,email should go here
MASSORT.REALTY,email should go here
Master Brokers Realty Group,email should go here
Master Key Realty Group,email should go here
MBA HOME SEARCH,email should go here
MBS Real Estate ,email should go here
MC Homes,email should go here
MCN Realty,email should go here
Meaux Real Estate,email should go here
Medina & Associates,email should go here
Melen Real Estate,email should go here
Meléndez Rosa & Asociados,email should go here
MELVIN M. NAVEDO REAL ESTATE,email should go here
Melvin Ramos Real Estate,email should go here
Mercedes Bohorquez Franco,email should go here
MERILYN CANALES REALTY,email should go here
METRO PROPERTIES,email should go here
METRO REPO,email should go here
MF Realty,email should go here
MFA Realty,email should go here
MG Realty,email should go here
MGarcia Real Estate,email should go here
MI CASA REALTY,email should go here
Mi Casitapr.com,email should go here
Mi Familia Realty,email should go here
MI Realty,email should go here
Michael G. Bahr / Realty Kings,email should go here
MiCORREDOR.com ,email should go here
MIGUEL ARAN REAL ESTATE,email should go here
Miguel Rivera Realty,email should go here
Milly Negron MNA Realty,email should go here
Milton Vargas Real Estate,email should go here
MiPropiedadRealty.com,email should go here
Mirador Real Estate Consultans,email should go here
MIRIAM TEIRA REAL ESTATE,email should go here
MLC Realty,email should go here
MLP Realty,email should go here
MLSolutions,email should go here
MM Realty   Lic 8925,email should go here
Molina Rojas Real Estate,email should go here
MONGE REALTY,email should go here
MONICA RAMIREZ REALTY,email should go here
Montano Real Estate,email should go here
Monte Claro Realty,email should go here
Monterossy Real Estate,email should go here
MONTESINO REALTY,email should go here
MONTI REALTY,email should go here
MONTILLA REAL ESTATE,email should go here
MORAMAR GROUP,email should go here
Moret Gonzalez Realty,email should go here
MP Real Estate,email should go here
MR Realty, LLC,email should go here
MR VELAZQUEZ REALTY,email should go here
MRV Realty ,email should go here
MS HOME REALTY,email should go here
MSM INC,email should go here
MUGGET REAL ESTATES,email should go here
Multi Asset Management,email should go here
Multiples Vendedores,email should go here
Multi-Services Realty,email should go here
MUÑIZ & MUÑIZ REALTY,email should go here
Murano,email should go here
MUVON REALTY,email should go here
MY HOME REAL ESTATE,email should go here
My House Realty,email should go here
MY Real Estate,email should go here
MY REALTY.COM Reposeidas,email should go here
MYRNA L. RODRIGUEZ  (R.E.S.I.),email should go here
Myrta Pulliza Real Estate Serv,email should go here
MY-TRUST-REALTY,email should go here
N.E.R.I. Real Estate,email should go here
Nabori Realty,email should go here
Naila Otero Real Estate,email should go here
NAN STAR REALTY,email should go here
Nancy Mendez,email should go here
Nancy Puig,email should go here
Natalia Casals Real Estate,email should go here
NATIONAL REAL ESTATE CO.,email should go here
Navarro & Asociados Corp.,email should go here
Nazza Realty,email should go here
NCA Real Estate,email should go here
NEGRON REALTY & ADVERTISING,email should go here
Nélida Rivera Berrios,email should go here
Nelky Realty,email should go here
NES Real Estate,email should go here
Neuza De Souza,email should go here
New Home Real Estate,email should go here
New Hope Realty,email should go here
NEW LIFE REAL ESTATE,email should go here
Newmark Grubb Caribbean,email should go here
NEWS REALTY,email should go here
NEXT LEVEL PROPERTIES,email should go here
NICE REALTY GROUP LLC,email should go here
Nieves & Hernández Real Estate,email should go here
NJP CONTRACTORS,email should go here
NM REALTY,email should go here
Noemi Realty,email should go here
NOI Realty,email should go here
NORA PAGAN ,email should go here
NORTHLAND HOMES,email should go here
NOSOTROS REALTY,email should go here
Nova Casa Realty,email should go here
NOVA REALTY,email should go here
NOVAKASA REALTY GROUP,email should go here
Nuevo Amanecer Realty,email should go here
NUEVO HORIZONTE,email should go here
Nuevo Sol Realty,email should go here
Océano Investments,email should go here
OFELIA INFANTE REAL ESTATE,email should go here
Old San Juan Realty,email should go here
Oliques Realty,email should go here
Omar Davila Realty,email should go here
ON CALL REAL ESTATE,email should go here
One Step Realty,email should go here
One Stop Realty Advisors,email should go here
OPORTUNIDADES PR . COM,email should go here
Optimal Realty,email should go here
ORDORICA REALTY,email should go here
ORIANYS REALTY,email should go here
Oriental Bank ,email should go here
Oriental Realty,email should go here
Orion Real Estate Consultants,email should go here
Orriola Realty,email should go here
Ortiz&Baez Real Estate,email should go here
Osly Real Estate,email should go here
OSTOLAZA REALTY GROUP,email should go here
OWNERS REALTY,email should go here
P&P REALTY,email should go here
P.R.Island Properties,email should go here
PAGAN PROPERTIES REAL ESTATE,email should go here
PALMA REAL INVESTMENT,email should go here
Palma Real Property Group,email should go here
PALMANOVA REAL ESTATE,email should go here
PASTRANA REAL STATE LIC 16287,email should go here
Pastrana Realty,email should go here
Pedro F. Cosculluela - Realtor,email should go here
Pedro Omar Realty Corp. ,email should go here
PELICAN REALTY,email should go here
PEOPLE REAL ESTATE,email should go here
Pérez Rodríguez Realty,email should go here
Perfect Realty Group,email should go here
PIAZZA PROPERTIES,email should go here
Piramide Real Estate Brokers,email should go here
Platinum Properties Group,email should go here
PLAYA AZUL REALTY,email should go here
PMI Puerto Rico,email should go here
POLLOCK REALTY,email should go here
Ponce Realty Group,email should go here
PR Broker ,email should go here
PR Island Real Estate,email should go here
PR Smart Choice by EAJ Realty,email should go here
Premier Properties,email should go here
PREMIUM ASSETS SOLUTIONS, LLC,email should go here
Preowned Prime Properties,email should go here
Prestige Realty,email should go here
Prime Realty Group,email should go here
PRO SERVICE,email should go here
Proa Realty,email should go here
PROCERES REAL ESTATE,email should go here
Professional R. E. Solutions ,email should go here
Professional Real Estate,email should go here
Promos Real Estate,email should go here
Property 3000,email should go here
PROPERTY CONCEPT, INC.,email should go here
PROPERTY DEALERS,email should go here
Property Group,email should go here
PROPERTY GROUP,email should go here
Property Help PR,email should go here
PROPERTY HUNTERS,email should go here
Property Illusions Realty,email should go here
Property Key Real Estate,email should go here
Property Sales Puerto Rico,email should go here
PROPERTY SHOP REAL ESTATE,email should go here
PROPERTY SOLUTIONS CORP.,email should go here
Property Tech   P.S.C.,email should go here
PROPERTY WORLD,email should go here
PROPERTY WORLD-REPO,email should go here
PropertyLink Real Estate,email should go here
PropertySpot, Inc.,email should go here
Pro-Realty Group,email should go here
ProVivienda Real Estate,email should go here
PRS Realty,email should go here
Puerto Rico Beach Properties,email should go here
PUERTO RICO BROKERS,email should go here
Puerto Rico Brokers & Consulta,email should go here
PUERTO RICO CORPORATE RENTALS,email should go here
Puerto Rico Group Real Estate,email should go here
Puerto Rico Homes 4 Sale,email should go here
Puerto Rico Manufactured Homes,email should go here
PUERTO RICO REAL ESTATE,email should go here
Puerto Rico Realty Solutions,email should go here
QualityHomes Real Estate,email should go here
R & R Homes Real Estate,email should go here
R & R Real Estate,email should go here
R & R Realty,email should go here
R C Realty,email should go here
R Williams Realty Lic . 2759,email should go here
R.L. Realty Plus,email should go here
R.M Realty,email should go here
R2 Real Estate,email should go here
RAS REALTY ,email should go here
Raul A. Soltero Realty,email should go here
Ray Negrón Realty,email should go here
RCabrera Real Estate,email should go here
RDonato Realty,email should go here
RE/MAX Divine Properties,email should go here
RE/MAX Dorado Realty lic. 26,email should go here
RE/MAX METRO,email should go here
RE/MAX Realty City,email should go here
RE/MAX-DIVINE PROPERTIES,email should go here
RE/MAX-Zone (Zona Metro & Isla Realty),email should go here
Real Estate Finders,email should go here
Real Estate Opportunities P.R. Corp,email should go here
Real Estate Professional Consultants,email should go here
Real Home & Properties,email should go here
Real Home of America,email should go here
REAL REALTY,email should go here
Real Sale,email should go here
REALITY REALTY,email should go here
REALITY REALTY - Comercial,email should go here
REALITY REALTY - San Juan,email should go here
Realty  Partners ,email should go here
Realty Check,email should go here
REALTY GROUP PUERTO RICO,email should go here
Realty Home Service,email should go here
REALTY KINGS,email should go here
REALTY MOVEMENTS PR,email should go here
REALTY ONE, CORP.,email should go here
Realty Point,email should go here
Realty Puerto Rico,email should go here
REALTY SPOT,email should go here
Recinto Real Bienes Raices,email should go here
Remax American Way,email should go here
REMAX/MODERNA ISLA VERDE,email should go here
REMMS,email should go here
Rental Experts PR,email should go here
RENTOAPT.COM,email should go here
REO CUSTOMER SOLUTIONS,email should go here
REPO FOR SALE ,email should go here
REPO KINGS,email should go here
Repo Properties Expert,email should go here
RepoExperts,email should go here
RepoHome,email should go here
REPOSEIDAS REALTY,email should go here
RES-COM BROKERS,email should go here
Residence Real Estate, Inc.,email should go here
Resort Realty,email should go here
REYES BAERGA REAL ESTATE,email should go here
RG REAL ESTATE GROUP,email should go here
Ricardo Cofiño y Asociados,email should go here
RICARDO REALTY,email should go here
RICARDO REALTY-REPOSEIDAS,email should go here
Riky Realty,email should go here
Rio Mar Real Estate,email should go here
Riquelme Real Estate,email should go here
